,algo,startNode/endNode,budget,userID,totalPOI,totalCost,totalProfit,totalInterest,reachEndNode,totalPopInt,maxInterest,minInterest,tour,cluster,groupID
0,clusterOnce,7,163.51700954486938,74547255@N00,7,624.435606389711,4.926846933848382,0.061106998930833115,True,2.4939769663896074,0.020560901389916935,0.0,7-21-22-7-11-7-6-23-7,random,1.0
1,clusterOnce,7,163.51700954486938,56946277@N00,7,624.435606389711,4.926846933848382,0.0,True,2.463423466924191,0.0,0.0,7-21-22-7-11-7-6-23-7,random,1.0
2,clusterOnce,7,163.51700954486938,76323119@N00,7,624.435606389711,4.926846933848382,2.820887918486171,True,3.8738674261672763,1.0,0.0015283842794759806,7-21-22-7-11-7-6-23-7,random,1.0
3,clusterOnce,7,163.51700954486938,50034279@N00,7,624.435606389711,4.926846933848382,2.3622568630155887,True,3.6445518984319856,1.0,0.002896951303628084,7-21-22-7-11-7-6-23-7,random,1.0
4,clusterOnce,7,163.51700954486938,10297518@N00,7,624.435606389711,4.926846933848382,5.0,True,4.963423466924191,1.0,0.0,7-21-22-7-11-7-6-23-7,random,1.0
5,clusterOnce,7,163.51700954486938,35034363039@N01,7,624.435606389711,4.926846933848382,5.706170975655783,True,5.3165089547520825,1.0,0.03006856639617532,7-21-22-7-11-7-6-23-7,random,1.0
6,clusterOnce,7,163.51700954486938,12925338@N07,7,624.435606389711,4.926846933848382,0.0,True,2.463423466924191,0.0,0.0,7-21-22-7-11-7-6-23-7,random,1.0
7,clusterOnce,7,163.51700954486938,12659736@N02,7,624.435606389711,4.926846933848382,2.0,True,3.463423466924191,1.0,0.0,7-21-22-7-11-7-6-23-7,random,1.0
8,clusterOnce,7,163.51700954486938,51668926@N00,7,624.435606389711,4.926846933848382,5.967206132879044,True,5.447026533363713,1.0,0.0,7-21-22-7-11-7-6-23-7,random,1.0
9,clusterOnce,7,163.51700954486938,70307237@N00,7,624.435606389711,4.926846933848382,5.0,True,4.963423466924191,1.0,0.0,7-21-22-7-11-7-6-23-7,random,1.0
10,clusterOnce,7,163.51700954486938,73416633@N00,7,624.435606389711,4.926846933848382,5.0,True,4.963423466924191,1.0,0.0,7-21-22-7-11-7-6-23-7,random,1.0
11,clusterOnce,7,163.51700954486938,51465598@N02,7,624.435606389711,4.926846933848382,0.0,True,2.463423466924191,0.0,0.0,7-21-22-7-11-7-6-23-7,random,1.0
12,clusterOnce,7,163.51700954486938,25964835@N02,7,624.435606389711,4.926846933848382,5.0,True,4.963423466924191,1.0,0.0,7-21-22-7-11-7-6-23-7,random,1.0
13,clusterOnce,7,163.51700954486938,8070489@N02,7,624.435606389711,4.926846933848382,2.6370802919708036,True,3.7819636129095926,1.0,0.0,7-21-22-7-11-7-6-23-7,random,1.0
14,clusterOnce,7,163.51700954486938,53025862@N00,7,624.435606389711,4.926846933848382,5.0,True,4.963423466924191,1.0,0.0,7-21-22-7-11-7-6-23-7,random,1.0
15,clusterOnce,7,163.51700954486938,98715075@N00,7,624.435606389711,4.926846933848382,0.0008021390374331547,True,2.4638245364429077,0.00040106951871657733,0.0,7-21-22-7-11-7-6-23-7,random,1.0
16,clusterOnce,7,163.51700954486938,34427466731@N01,7,624.435606389711,4.926846933848382,1.559499888367939,True,3.2431734111081605,0.8070997990622899,0.0,7-21-22-7-11-7-6-23-7,random,1.0
17,clusterOnce,7,163.51700954486938,22979982@N06,7,624.435606389711,4.926846933848382,1.0,True,2.963423466924191,1.0,0.0,7-21-22-7-11-7-6-23-7,random,1.0
18,clusterOnce,7,163.51700954486938,21116747@N02,7,624.435606389711,4.926846933848382,0.0,True,2.463423466924191,0.0,0.0,7-21-22-7-11-7-6-23-7,random,1.0
19,clusterOnce,7,163.51700954486938,52215743@N00,7,624.435606389711,4.926846933848382,5.0,True,4.963423466924191,1.0,0.0,7-21-22-7-11-7-6-23-7,random,1.0
20,clusterOnce,7,163.51700954486938,8389569@N08,6,598.0471872050493,5.082810236600676,2.0,True,3.541405118300338,1.0,0.0,7-21-22-7-11-7-1-7,random,2.0
21,clusterOnce,7,163.51700954486938,61377999@N03,6,598.0471872050493,5.082810236600676,0.05662046593925084,True,2.5697153512699633,0.02831023296962542,0.0,7-21-22-7-11-7-1-7,random,2.0
22,clusterOnce,7,163.51700954486938,15588970@N02,6,598.0471872050493,5.082810236600676,1.0,True,3.041405118300338,1.0,0.0,7-21-22-7-11-7-1-7,random,2.0
23,clusterOnce,7,163.51700954486938,52835300@N00,6,598.0471872050493,5.082810236600676,4.0,True,4.541405118300338,1.0,0.0,7-21-22-7-11-7-1-7,random,2.0
24,clusterOnce,7,163.51700954486938,78266179@N00,6,598.0471872050493,5.082810236600676,0.0,True,2.541405118300338,0.0,0.0,7-21-22-7-11-7-1-7,random,2.0
25,clusterOnce,7,163.51700954486938,82405581@N00,6,598.0471872050493,5.082810236600676,1.1404551201011377,True,3.111632678350907,1.0,0.0,7-21-22-7-11-7-1-7,random,2.0
26,clusterOnce,7,163.51700954486938,64005175@N00,6,598.0471872050493,5.082810236600676,4.419940207189043,True,4.751375221894859,1.0,0.026559132308975875,7-21-22-7-11-7-1-7,random,2.0
27,clusterOnce,7,163.51700954486938,49033510@N00,6,598.0471872050493,5.082810236600676,0.0,True,2.541405118300338,0.0,0.0,7-21-22-7-11-7-1-7,random,2.0
28,clusterOnce,7,163.51700954486938,26736723@N00,6,598.0471872050493,5.082810236600676,4.0,True,4.541405118300338,1.0,0.0,7-21-22-7-11-7-1-7,random,2.0
29,clusterOnce,7,163.51700954486938,34608255@N08,6,598.0471872050493,5.082810236600676,3.1947809878844406,True,4.138795612242559,1.0,0.0,7-21-22-7-11-7-1-7,random,2.0
30,clusterOnce,7,163.51700954486938,44124367522@N01,6,598.0471872050493,5.082810236600676,0.01064458900059138,True,2.546727412800634,0.0019480293595853524,0.0,7-21-22-7-11-7-1-7,random,2.0
31,clusterOnce,7,163.51700954486938,33246890@N00,6,598.0471872050493,5.082810236600676,1.0,True,3.041405118300338,1.0,0.0,7-21-22-7-11-7-1-7,random,2.0
32,clusterOnce,7,163.51700954486938,14816925@N00,6,598.0471872050493,5.082810236600676,1.5329855663633554,True,3.307897901482016,0.2571383746470043,0.09872136805773461,7-21-22-7-11-7-1-7,random,2.0
33,clusterOnce,7,163.51700954486938,86485258@N07,6,598.0471872050493,5.082810236600676,0.0,True,2.541405118300338,0.0,0.0,7-21-22-7-11-7-1-7,random,2.0
34,clusterOnce,7,163.51700954486938,10502709@N05,6,598.0471872050493,5.082810236600676,3.5060450066186153,True,4.294427621609646,0.7091925283129858,0.0,7-21-22-7-11-7-1-7,random,2.0
35,clusterOnce,7,163.51700954486938,29619840@N00,6,598.0471872050493,5.082810236600676,4.609561752988046,True,4.846185994794361,1.0,0.0,7-21-22-7-11-7-1-7,random,2.0
36,clusterOnce,7,163.51700954486938,94064020@N00,6,598.0471872050493,5.082810236600676,4.293295366295619,True,4.688052801448148,1.0,0.3936060056950547,7-21-22-7-11-7-1-7,random,2.0
37,clusterOnce,7,163.51700954486938,30855862@N07,6,598.0471872050493,5.082810236600676,4.0,True,4.541405118300338,1.0,0.0,7-21-22-7-11-7-1-7,random,2.0
38,clusterOnce,7,163.51700954486938,35034347371@N01,6,598.0471872050493,5.082810236600676,5.7360315186246424,True,5.409420877612659,1.0,0.11640401146131779,7-21-22-7-11-7-1-7,random,2.0
39,clusterOnce,7,163.51700954486938,66907518@N00,6,598.0471872050493,5.082810236600676,1.0,True,3.041405118300338,1.0,0.0,7-21-22-7-11-7-1-7,random,2.0
40,clusterOnce,7,163.51700954486938,7173709@N07,8,633.304949188952,4.708836310960888,2.0,True,3.354418155480444,1.0,0.0,7-21-22-7-30-23-7-6-25-7,random,3.0
41,clusterOnce,7,163.51700954486938,53346833@N00,8,633.304949188952,4.708836310960888,2.2241835834068846,True,3.4665099471838863,1.0,0.0,7-21-22-7-30-23-7-6-25-7,random,3.0
42,clusterOnce,7,163.51700954486938,87085448@N00,8,633.304949188952,4.708836310960888,4.0,True,4.3544181554804435,1.0,0.0,7-21-22-7-30-23-7-6-25-7,random,3.0
43,clusterOnce,7,163.51700954486938,49689051@N00,8,633.304949188952,4.708836310960888,2.0,True,3.354418155480444,1.0,0.0,7-21-22-7-30-23-7-6-25-7,random,3.0
44,clusterOnce,7,163.51700954486938,69874063@N00,8,633.304949188952,4.708836310960888,2.0,True,3.354418155480444,1.0,0.0,7-21-22-7-30-23-7-6-25-7,random,3.0
45,clusterOnce,7,163.51700954486938,22292214@N00,8,633.304949188952,4.708836310960888,1.489361702127661,True,3.0990990065442743,1.0,0.0,7-21-22-7-30-23-7-6-25-7,random,3.0
46,clusterOnce,7,163.51700954486938,78433558@N00,8,633.304949188952,4.708836310960888,1.0,True,2.854418155480444,1.0,0.0,7-21-22-7-30-23-7-6-25-7,random,3.0
47,clusterOnce,7,163.51700954486938,37649829@N03,8,633.304949188952,4.708836310960888,0.0,True,2.354418155480444,0.0,0.0,7-21-22-7-30-23-7-6-25-7,random,3.0
48,clusterOnce,7,163.51700954486938,25561968@N00,8,633.304949188952,4.708836310960888,0.0,True,2.354418155480444,0.0,0.0,7-21-22-7-30-23-7-6-25-7,random,3.0
49,clusterOnce,7,163.51700954486938,70597029@N00,8,633.304949188952,4.708836310960888,2.0,True,3.354418155480444,1.0,0.0,7-21-22-7-30-23-7-6-25-7,random,3.0
50,clusterOnce,7,163.51700954486938,23072179@N00,8,633.304949188952,4.708836310960888,2.0,True,3.354418155480444,1.0,0.0,7-21-22-7-30-23-7-6-25-7,random,3.0
51,clusterOnce,7,163.51700954486938,22057420@N00,8,633.304949188952,4.708836310960888,4.0,True,4.3544181554804435,1.0,0.0,7-21-22-7-30-23-7-6-25-7,random,3.0
52,clusterOnce,7,163.51700954486938,14125170@N02,8,633.304949188952,4.708836310960888,2.0,True,3.354418155480444,1.0,0.0,7-21-22-7-30-23-7-6-25-7,random,3.0
53,clusterOnce,7,163.51700954486938,75396048@N00,8,633.304949188952,4.708836310960888,2.076363636363636,True,3.392599973662262,1.0,0.0,7-21-22-7-30-23-7-6-25-7,random,3.0
54,clusterOnce,7,163.51700954486938,64085688@N00,8,633.304949188952,4.708836310960888,1.0,True,2.854418155480444,1.0,0.0,7-21-22-7-30-23-7-6-25-7,random,3.0
55,clusterOnce,7,163.51700954486938,40689227@N00,8,633.304949188952,4.708836310960888,4.0,True,4.3544181554804435,1.0,0.0,7-21-22-7-30-23-7-6-25-7,random,3.0
56,clusterOnce,7,163.51700954486938,23877016@N03,8,633.304949188952,4.708836310960888,0.0,True,2.354418155480444,0.0,0.0,7-21-22-7-30-23-7-6-25-7,random,3.0
57,clusterOnce,7,163.51700954486938,48085290@N00,8,633.304949188952,4.708836310960888,2.443938193343898,True,3.5763872521523927,1.0,0.006537242472266233,7-21-22-7-30-23-7-6-25-7,random,3.0
58,clusterOnce,7,163.51700954486938,93852598@N00,8,633.304949188952,4.708836310960888,0.0,True,2.354418155480444,0.0,0.0,7-21-22-7-30-23-7-6-25-7,random,3.0
59,clusterOnce,7,163.51700954486938,92354342@N00,8,633.304949188952,4.708836310960888,0.0,True,2.354418155480444,0.0,0.0,7-21-22-7-30-23-7-6-25-7,random,3.0
60,clusterOnce,7,163.51700954486938,21470941@N07,7,624.435606389711,4.926846933848382,0.0,True,2.463423466924191,0.0,0.0,7-21-22-7-11-7-23-6-7,random,4.0
61,clusterOnce,7,163.51700954486938,37504944@N06,7,624.435606389711,4.926846933848382,5.0,True,4.963423466924191,1.0,0.0,7-21-22-7-11-7-23-6-7,random,4.0
62,clusterOnce,7,163.51700954486938,28721558@N07,7,624.435606389711,4.926846933848382,1.9396927548266563,True,3.433269844337519,0.8494913846792614,0.0,7-21-22-7-11-7-23-6-7,random,4.0
63,clusterOnce,7,163.51700954486938,22168167@N00,7,624.435606389711,4.926846933848382,0.0,True,2.463423466924191,0.0,0.0,7-21-22-7-11-7-23-6-7,random,4.0
64,clusterOnce,7,163.51700954486938,51260381@N05,7,624.435606389711,4.926846933848382,5.0,True,4.963423466924191,1.0,0.0,7-21-22-7-11-7-23-6-7,random,4.0
65,clusterOnce,7,163.51700954486938,57958712@N00,7,624.435606389711,4.926846933848382,1.9661202816576249,True,3.446483607753003,1.0,0.03618838739466704,7-21-22-7-11-7-23-6-7,random,4.0
66,clusterOnce,7,163.51700954486938,49576181@N00,7,624.435606389711,4.926846933848382,1.0,True,2.963423466924191,1.0,0.0,7-21-22-7-11-7-23-6-7,random,4.0
67,clusterOnce,7,163.51700954486938,31671926@N00,7,624.435606389711,4.926846933848382,0.0,True,2.463423466924191,0.0,0.0,7-21-22-7-11-7-23-6-7,random,4.0
68,clusterOnce,7,163.51700954486938,89461633@N00,7,624.435606389711,4.926846933848382,1.0,True,2.963423466924191,1.0,0.0,7-21-22-7-11-7-23-6-7,random,4.0
69,clusterOnce,7,163.51700954486938,37282294@N06,7,624.435606389711,4.926846933848382,6.849376658136315,True,5.888111795992348,1.0,0.5328457727795656,7-21-22-7-11-7-23-6-7,random,4.0
70,clusterOnce,7,163.51700954486938,20342758@N00,7,624.435606389711,4.926846933848382,4.21375288213753,True,4.570299907992956,1.0,0.0,7-21-22-7-11-7-23-6-7,random,4.0
71,clusterOnce,7,163.51700954486938,99906907@N00,7,624.435606389711,4.926846933848382,5.283771904680006,True,5.105309419264194,1.0,0.0,7-21-22-7-11-7-23-6-7,random,4.0
72,clusterOnce,7,163.51700954486938,41634302@N08,7,624.435606389711,4.926846933848382,0.0,True,2.463423466924191,0.0,0.0,7-21-22-7-11-7-23-6-7,random,4.0
73,clusterOnce,7,163.51700954486938,34359854@N00,7,624.435606389711,4.926846933848382,0.0,True,2.463423466924191,0.0,0.0,7-21-22-7-11-7-23-6-7,random,4.0
74,clusterOnce,7,163.51700954486938,30460784@N04,7,624.435606389711,4.926846933848382,2.0,True,3.463423466924191,1.0,0.0,7-21-22-7-11-7-23-6-7,random,4.0
75,clusterOnce,7,163.51700954486938,63483222@N03,7,624.435606389711,4.926846933848382,0.0,True,2.463423466924191,0.0,0.0,7-21-22-7-11-7-23-6-7,random,4.0
76,clusterOnce,7,163.51700954486938,84800532@N02,7,624.435606389711,4.926846933848382,1.2647427854454205,True,3.0957948596469014,0.2529485570890841,0.0,7-21-22-7-11-7-23-6-7,random,4.0
77,clusterOnce,7,163.51700954486938,7159179@N03,7,624.435606389711,4.926846933848382,0.4037774779779386,True,2.6653122059131604,0.2018887389889693,0.0,7-21-22-7-11-7-23-6-7,random,4.0
78,clusterOnce,7,163.51700954486938,31499593@N03,7,624.435606389711,4.926846933848382,5.001782638545945,True,4.964314786197164,1.0,0.0001204485504016962,7-21-22-7-11-7-23-6-7,random,4.0
79,clusterOnce,7,163.51700954486938,9492113@N02,7,624.435606389711,4.926846933848382,1.0586490444185785,True,2.9927479891334805,1.0,0.0,7-21-22-7-11-7-23-6-7,random,4.0
80,clusterOnce,7,163.51700954486938,77356400@N00,7,624.435606389711,4.926846933848382,4.816354816354818,True,4.8716008751016,0.9632709632709636,0.0,7-21-22-7-11-7-6-23-7,random,5.0
81,clusterOnce,7,163.51700954486938,23987663@N00,7,624.435606389711,4.926846933848382,1.0716332378223477,True,2.999240085835365,0.3334925183062711,0.05555555555555548,7-21-22-7-11-7-6-23-7,random,5.0
82,clusterOnce,7,163.51700954486938,93507286@N00,7,624.435606389711,4.926846933848382,5.0,True,4.963423466924191,1.0,0.0,7-21-22-7-11-7-6-23-7,random,5.0
83,clusterOnce,7,163.51700954486938,32876255@N06,7,624.435606389711,4.926846933848382,1.2474902398215273,True,3.0871685868349545,1.0,0.0,7-21-22-7-11-7-6-23-7,random,5.0
84,clusterOnce,7,163.51700954486938,33906853@N00,7,624.435606389711,4.926846933848382,5.112492419648271,True,5.019669676748327,1.0,0.0,7-21-22-7-11-7-6-23-7,random,5.0
85,clusterOnce,7,163.51700954486938,10517457@N04,7,624.435606389711,4.926846933848382,5.0,True,4.963423466924191,1.0,0.0,7-21-22-7-11-7-6-23-7,random,5.0
86,clusterOnce,7,163.51700954486938,11531843@N07,7,624.435606389711,4.926846933848382,2.0,True,3.463423466924191,1.0,0.0,7-21-22-7-11-7-6-23-7,random,5.0
87,clusterOnce,7,163.51700954486938,35764233@N00,7,624.435606389711,4.926846933848382,1.4574015640005453,True,3.192124248924464,0.2651941281382899,0.006310879407326113,7-21-22-7-11-7-6-23-7,random,5.0
88,clusterOnce,7,163.51700954486938,7733020@N03,7,624.435606389711,4.926846933848382,0.0003813155386081983,True,2.4636141246934953,0.0003813155386081983,0.0,7-21-22-7-11-7-6-23-7,random,5.0
89,clusterOnce,7,163.51700954486938,81076746@N00,7,624.435606389711,4.926846933848382,5.0,True,4.963423466924191,1.0,0.0,7-21-22-7-11-7-6-23-7,random,5.0
90,clusterOnce,7,163.51700954486938,77112637@N00,7,624.435606389711,4.926846933848382,2.0122785377887418,True,3.469562735818562,1.0,0.0,7-21-22-7-11-7-6-23-7,random,5.0
91,clusterOnce,7,163.51700954486938,14351900@N00,7,624.435606389711,4.926846933848382,5.058202567760342,True,4.992524750804362,1.0,0.0,7-21-22-7-11-7-6-23-7,random,5.0
92,clusterOnce,7,163.51700954486938,12874594@N08,7,624.435606389711,4.926846933848382,5.820131442407465,True,5.373489188127923,1.0,0.0,7-21-22-7-11-7-6-23-7,random,5.0
93,clusterOnce,7,163.51700954486938,33228691@N00,7,624.435606389711,4.926846933848382,0.0,True,2.463423466924191,0.0,0.0,7-21-22-7-11-7-6-23-7,random,5.0
94,clusterOnce,7,163.51700954486938,93741870@N00,7,624.435606389711,4.926846933848382,0.0,True,2.463423466924191,0.0,0.0,7-21-22-7-11-7-6-23-7,random,5.0
95,clusterOnce,7,163.51700954486938,15273063@N00,7,624.435606389711,4.926846933848382,0.0,True,2.463423466924191,0.0,0.0,7-21-22-7-11-7-6-23-7,random,5.0
96,clusterOnce,7,163.51700954486938,37449305@N07,7,624.435606389711,4.926846933848382,0.405701754385965,True,2.6662743441171735,0.081140350877193,0.0,7-21-22-7-11-7-6-23-7,random,5.0
97,clusterOnce,7,163.51700954486938,25970113@N08,7,624.435606389711,4.926846933848382,5.0,True,4.963423466924191,1.0,0.0,7-21-22-7-11-7-6-23-7,random,5.0
98,clusterOnce,7,163.51700954486938,53874606@N00,7,624.435606389711,4.926846933848382,1.1199421965317902,True,3.023394565190086,0.22398843930635803,0.0,7-21-22-7-11-7-6-23-7,random,5.0
99,clusterOnce,7,163.51700954486938,38102495@N00,7,624.435606389711,4.926846933848382,5.0,True,4.963423466924191,1.0,0.0,7-21-22-7-11-7-6-23-7,random,5.0
100,ClusterPerDay,7,163.51700954486938,25561968@N00,5,624.435606389711,4.926846933848382,0.0,True,2.463423466924191,0.0,0.0,7-21-22-7-11-7-23-6-7,randomByDay,
101,ClusterPerDay,7,163.51700954486938,84800532@N02,5,624.435606389711,4.926846933848382,1.2647427854454205,True,3.0957948596469014,0.2529485570890841,0.0,7-21-22-7-11-7-6-23-7,randomByDay,
102,ClusterPerDay,7,163.51700954486938,22292214@N00,5,621.6882516613715,5.060115886045389,1.489361702127661,True,3.2747387940865247,1.0,0.0,7-21-22-7-11-7-30-23-7,randomByDay,
103,ClusterPerDay,7,163.51700954486938,86485258@N07,5,621.6882516613715,5.060115886045389,1.0,True,3.0300579430226944,1.0,0.0,7-21-22-7-11-7-30-23-7,randomByDay,
104,ClusterPerDay,7,163.51700954486938,31671926@N00,5,624.435606389711,4.926846933848382,0.0,True,2.463423466924191,0.0,0.0,7-21-22-7-11-7-23-6-7,randomByDay,
105,ClusterPerDay,7,163.51700954486938,35764233@N00,5,621.6882516613715,5.060115886045389,1.1922074358622554,True,3.126161660953822,0.2651941281382899,0.0,7-21-22-7-11-7-30-23-7,randomByDay,
106,ClusterPerDay,7,163.51700954486938,69874063@N00,5,621.6882516613715,5.060115886045389,2.0,True,3.5300579430226944,1.0,0.0,7-21-22-7-11-7-23-30-7,randomByDay,
107,ClusterPerDay,7,163.51700954486938,98715075@N00,5,621.6882516613715,5.060115886045389,0.050401069518716535,True,2.555258477782053,0.04959893048128338,0.0,7-21-22-7-11-7-30-23-7,randomByDay,
108,ClusterPerDay,7,163.51700954486938,25964835@N02,5,624.435606389711,4.926846933848382,5.0,True,4.963423466924191,1.0,0.0,7-21-22-7-11-7-6-23-7,randomByDay,
109,ClusterPerDay,7,163.51700954486938,64005175@N00,5,624.435606389711,4.926846933848382,5.053118264617952,True,4.9899825992331674,1.0,0.0,7-21-22-7-11-7-6-23-7,randomByDay,
110,ClusterPerDay,7,163.51700954486938,41634302@N08,5,621.6882516613715,5.060115886045389,0.0,True,2.5300579430226944,0.0,0.0,7-21-22-7-11-7-30-23-7,randomByDay,
111,ClusterPerDay,7,163.51700954486938,53346833@N00,5,621.6882516613715,5.060115886045389,1.2241835834068844,True,3.1421497347261367,1.0,0.0,7-21-22-7-11-7-23-30-7,randomByDay,
112,ClusterPerDay,7,163.51700954486938,49689051@N00,5,621.6882516613715,5.060115886045389,1.0,True,3.0300579430226944,1.0,0.0,7-21-22-7-11-7-30-23-7,randomByDay,
113,ClusterPerDay,7,163.51700954486938,10502709@N05,5,624.435606389711,4.926846933848382,5.215237534931601,True,5.071042234389992,1.0,0.33463744668333595,7-21-22-7-11-7-23-6-7,randomByDay,
114,ClusterPerDay,7,163.51700954486938,8070489@N02,5,624.435606389711,4.926846933848382,2.6370802919708036,True,3.7819636129095926,1.0,0.0,7-21-22-7-11-7-23-6-7,randomByDay,
115,ClusterPerDay,7,163.51700954486938,74547255@N00,5,621.6882516613715,5.060115886045389,0.061106998930833115,True,2.560611442488111,0.020560901389916935,0.0,7-21-22-7-11-7-30-23-7,randomByDay,
116,ClusterPerDay,7,163.51700954486938,99906907@N00,5,624.435606389711,4.926846933848382,5.283771904680006,True,5.105309419264194,1.0,0.0,7-21-22-7-11-7-23-6-7,randomByDay,
117,ClusterPerDay,7,163.51700954486938,7159179@N03,5,624.435606389711,4.926846933848382,0.4037774779779386,True,2.6653122059131604,0.2018887389889693,0.0,7-21-22-7-11-7-6-23-7,randomByDay,
118,ClusterPerDay,7,163.51700954486938,51465598@N02,5,624.435606389711,4.926846933848382,0.0,True,2.463423466924191,0.0,0.0,7-21-22-7-11-7-23-6-7,randomByDay,
119,ClusterPerDay,7,163.51700954486938,64085688@N00,5,624.435606389711,4.926846933848382,0.0,True,2.463423466924191,0.0,0.0,7-21-22-7-11-7-6-23-7,randomByDay,
120,ClusterPerDay,7,163.51700954486938,40689227@N00,5,624.435606389711,4.926846933848382,5.0,True,4.963423466924191,1.0,0.0,7-21-22-7-11-7-6-23-7,randomByDay,
121,ClusterPerDay,7,163.51700954486938,12925338@N07,5,621.6882516613715,5.060115886045389,1.0,True,3.0300579430226944,1.0,0.0,7-21-22-7-11-7-23-30-7,randomByDay,
122,ClusterPerDay,7,163.51700954486938,20342758@N00,5,624.435606389711,4.926846933848382,4.21375288213753,True,4.570299907992956,1.0,0.0,7-21-22-7-11-7-23-6-7,randomByDay,
123,ClusterPerDay,7,163.51700954486938,81076746@N00,5,624.435606389711,4.926846933848382,5.0,True,4.963423466924191,1.0,0.0,7-21-22-7-11-7-6-23-7,randomByDay,
124,ClusterPerDay,7,163.51700954486938,9492113@N02,5,621.6882516613715,5.060115886045389,1.0586490444185785,True,3.059382465231984,1.0,0.0,7-21-22-7-11-7-30-23-7,randomByDay,
125,ClusterPerDay,7,163.51700954486938,37649829@N03,5,624.435606389711,4.926846933848382,0.0,True,2.463423466924191,0.0,0.0,7-21-22-7-11-7-6-23-7,randomByDay,
126,ClusterPerDay,7,163.51700954486938,38102495@N00,5,621.6882516613715,5.060115886045389,4.0,True,4.530057943022694,1.0,0.0,7-21-22-7-11-7-23-30-7,randomByDay,
127,ClusterPerDay,7,163.51700954486938,22168167@N00,5,621.6882516613715,5.060115886045389,0.07979071288423806,True,2.5699532994648133,0.07979071288423806,0.0,7-21-22-7-11-7-30-23-7,randomByDay,
128,ClusterPerDay,7,163.51700954486938,93741870@N00,5,621.6882516613715,5.060115886045389,1.0,True,3.0300579430226944,1.0,0.0,7-21-22-7-11-7-23-30-7,randomByDay,
129,ClusterPerDay,7,163.51700954486938,8389569@N08,5,624.435606389711,4.926846933848382,2.0,True,3.463423466924191,1.0,0.0,7-21-22-7-11-7-6-23-7,randomByDay,
130,ClusterPerDay,7,163.51700954486938,34427466731@N01,5,624.435606389711,4.926846933848382,1.559499888367939,True,3.2431734111081605,0.8070997990622899,0.0,7-21-22-7-11-7-6-23-7,randomByDay,
131,ClusterPerDay,7,163.51700954486938,57958712@N00,5,624.435606389711,4.926846933848382,1.966120281657625,True,3.4464836077530037,1.0,0.03618838739466704,7-21-22-7-11-7-6-23-7,randomByDay,
132,ClusterPerDay,7,163.51700954486938,33228691@N00,5,624.435606389711,4.926846933848382,0.0,True,2.463423466924191,0.0,0.0,7-21-22-7-11-7-6-23-7,randomByDay,
133,ClusterPerDay,7,163.51700954486938,52835300@N00,5,621.6882516613715,5.060115886045389,4.0,True,4.530057943022694,1.0,0.0,7-21-22-7-11-7-30-23-7,randomByDay,
134,ClusterPerDay,7,163.51700954486938,87085448@N00,5,624.435606389711,4.926846933848382,5.0,True,4.963423466924191,1.0,0.0,7-21-22-7-11-7-23-6-7,randomByDay,
135,ClusterPerDay,7,163.51700954486938,49576181@N00,5,624.435606389711,4.926846933848382,1.0,True,2.963423466924191,1.0,0.0,7-21-22-7-11-7-23-6-7,randomByDay,
136,ClusterPerDay,7,163.51700954486938,35034347371@N01,5,624.435606389711,4.926846933848382,6.961676217765042,True,5.944261575806712,1.0,0.43714183381088634,7-21-22-7-11-7-6-23-7,randomByDay,
137,ClusterPerDay,7,163.51700954486938,21116747@N02,5,621.6882516613715,5.060115886045389,0.0,True,2.5300579430226944,0.0,0.0,7-21-22-7-11-7-23-30-7,randomByDay,
138,ClusterPerDay,7,163.51700954486938,89461633@N00,5,624.435606389711,4.926846933848382,1.0,True,2.963423466924191,1.0,0.0,7-21-22-7-11-7-6-23-7,randomByDay,
139,ClusterPerDay,7,163.51700954486938,22057420@N00,5,624.435606389711,4.926846933848382,5.0,True,4.963423466924191,1.0,0.0,7-21-22-7-11-7-23-6-7,randomByDay,
140,ClusterPerDay,7,163.51700954486938,14351900@N00,5,624.435606389711,4.926846933848382,5.058202567760342,True,4.992524750804362,1.0,0.0,7-21-22-7-11-7-23-6-7,randomByDay,
141,ClusterPerDay,7,163.51700954486938,34359854@N00,5,621.6882516613715,5.060115886045389,0.0,True,2.5300579430226944,0.0,0.0,7-21-22-7-11-7-30-23-7,randomByDay,
142,ClusterPerDay,7,163.51700954486938,34608255@N08,5,624.435606389711,4.926846933848382,3.493476234855551,True,4.210161584351966,1.0,0.0,7-21-22-7-11-7-6-23-7,randomByDay,
143,ClusterPerDay,7,163.51700954486938,70307237@N00,5,624.435606389711,4.926846933848382,5.0,True,4.963423466924191,1.0,0.0,7-21-22-7-11-7-6-23-7,randomByDay,
144,ClusterPerDay,7,163.51700954486938,23877016@N03,5,621.6882516613715,5.060115886045389,0.0,True,2.5300579430226944,0.0,0.0,7-21-22-7-11-7-23-30-7,randomByDay,
145,ClusterPerDay,7,163.51700954486938,10297518@N00,5,621.6882516613715,5.060115886045389,4.0,True,4.530057943022694,1.0,0.0,7-21-22-7-11-7-23-30-7,randomByDay,
146,ClusterPerDay,7,163.51700954486938,78433558@N00,5,621.6882516613715,5.060115886045389,1.0,True,3.0300579430226944,1.0,0.0,7-21-22-7-11-7-30-23-7,randomByDay,
147,ClusterPerDay,7,163.51700954486938,73416633@N00,5,624.435606389711,4.926846933848382,5.0,True,4.963423466924191,1.0,0.0,7-21-22-7-11-7-6-23-7,randomByDay,
148,ClusterPerDay,7,163.51700954486938,14125170@N02,5,621.6882516613715,5.060115886045389,1.0,True,3.0300579430226944,1.0,0.0,7-21-22-7-11-7-23-30-7,randomByDay,
149,ClusterPerDay,7,163.51700954486938,70597029@N00,5,624.435606389711,4.926846933848382,1.0,True,2.963423466924191,1.0,0.0,7-21-22-7-11-7-6-23-7,randomByDay,
150,ClusterPerDay,7,163.51700954486938,23987663@N00,5,624.435606389711,4.926846933848382,1.0716332378223477,True,2.999240085835365,0.3334925183062711,0.05555555555555548,7-21-22-7-11-7-6-23-7,randomByDay,
151,ClusterPerDay,7,163.51700954486938,77112637@N00,5,621.6882516613715,5.060115886045389,2.0369477461314194,True,3.548531816088404,1.0,0.0,7-21-22-7-11-7-23-30-7,randomByDay,
152,ClusterPerDay,7,163.51700954486938,7173709@N07,5,621.6882516613715,5.060115886045389,1.0,True,3.0300579430226944,1.0,0.0,7-21-22-7-11-7-23-30-7,randomByDay,
153,ClusterPerDay,7,163.51700954486938,15588970@N02,5,624.435606389711,4.926846933848382,0.0,True,2.463423466924191,0.0,0.0,7-21-22-7-11-7-23-6-7,randomByDay,
154,ClusterPerDay,7,163.51700954486938,56946277@N00,5,624.435606389711,4.926846933848382,0.0,True,2.463423466924191,0.0,0.0,7-21-22-7-11-7-6-23-7,randomByDay,
155,ClusterPerDay,7,163.51700954486938,94064020@N00,5,624.435606389711,4.926846933848382,4.033005436189482,True,4.4799261850189325,0.8594356717577002,0.3461040641988082,7-21-22-7-11-7-23-6-7,randomByDay,
156,ClusterPerDay,7,163.51700954486938,21470941@N07,5,624.435606389711,4.926846933848382,0.0,True,2.463423466924191,0.0,0.0,7-21-22-7-11-7-6-23-7,randomByDay,
157,ClusterPerDay,7,163.51700954486938,30460784@N04,5,621.6882516613715,5.060115886045389,2.0,True,3.5300579430226944,1.0,0.0,7-21-22-7-11-7-30-23-7,randomByDay,
158,ClusterPerDay,7,163.51700954486938,32876255@N06,5,621.6882516613715,5.060115886045389,1.2474902398215273,True,3.153803062933458,1.0,0.0,7-21-22-7-11-7-30-23-7,randomByDay,
159,ClusterPerDay,7,163.51700954486938,50034279@N00,5,621.6882516613715,5.060115886045389,2.2903848806731966,True,3.675250383359293,1.0,0.0,7-21-22-7-11-7-23-30-7,randomByDay,
160,ClusterPerDay,7,163.51700954486938,23072179@N00,5,621.6882516613715,5.060115886045389,1.0,True,3.0300579430226944,1.0,0.0,7-21-22-7-11-7-23-30-7,randomByDay,
161,ClusterPerDay,7,163.51700954486938,31499593@N03,5,624.435606389711,4.926846933848382,5.001782638545945,True,4.964314786197164,1.0,0.0001204485504016962,7-21-22-7-11-7-23-6-7,randomByDay,
162,ClusterPerDay,7,163.51700954486938,53025862@N00,5,621.6882516613715,5.060115886045389,4.0,True,4.530057943022694,1.0,0.0,7-21-22-7-11-7-30-23-7,randomByDay,
163,ClusterPerDay,7,163.51700954486938,7733020@N03,5,621.6882516613715,5.060115886045389,0.0003813155386081983,True,2.5302486007919986,0.0003813155386081983,0.0,7-21-22-7-11-7-23-30-7,randomByDay,
164,ClusterPerDay,7,163.51700954486938,26736723@N00,5,621.6882516613715,5.060115886045389,4.0,True,4.530057943022694,1.0,0.0,7-21-22-7-11-7-30-23-7,randomByDay,
165,ClusterPerDay,7,163.51700954486938,52215743@N00,5,624.435606389711,4.926846933848382,5.0,True,4.963423466924191,1.0,0.0,7-21-22-7-11-7-6-23-7,randomByDay,
166,ClusterPerDay,7,163.51700954486938,82405581@N00,5,621.6882516613715,5.060115886045389,0.14898862199747145,True,2.60455225402143,0.035113780025284425,0.0,7-21-22-7-11-7-23-30-7,randomByDay,
167,ClusterPerDay,7,163.51700954486938,12874594@N08,5,624.435606389711,4.926846933848382,5.820131442407465,True,5.373489188127923,1.0,0.0,7-21-22-7-11-7-6-23-7,randomByDay,
168,ClusterPerDay,7,163.51700954486938,33246890@N00,5,624.435606389711,4.926846933848382,0.0,True,2.463423466924191,0.0,0.0,7-21-22-7-11-7-23-6-7,randomByDay,
169,ClusterPerDay,7,163.51700954486938,14816925@N00,5,624.435606389711,4.926846933848382,1.924733291496711,True,3.4257901126725465,0.2571383746470043,0.20285534985880194,7-21-22-7-11-7-6-23-7,randomByDay,
170,ClusterPerDay,7,163.51700954486938,76323119@N00,5,624.435606389711,4.926846933848382,2.820887918486171,True,3.8738674261672763,1.0,0.0015283842794759806,7-21-22-7-11-7-6-23-7,randomByDay,
171,ClusterPerDay,7,163.51700954486938,28721558@N07,5,624.435606389711,4.926846933848382,1.9396927548266563,True,3.433269844337519,0.8494913846792614,0.0,7-21-22-7-11-7-23-6-7,randomByDay,
172,ClusterPerDay,7,163.51700954486938,49033510@N00,5,621.6882516613715,5.060115886045389,1.0,True,3.0300579430226944,1.0,0.0,7-21-22-7-11-7-23-30-7,randomByDay,
173,ClusterPerDay,7,163.51700954486938,51668926@N00,5,621.6882516613715,5.060115886045389,4.967206132879044,True,5.013661009462217,1.0,0.0,7-21-22-7-11-7-23-30-7,randomByDay,
174,ClusterPerDay,7,163.51700954486938,66907518@N00,5,621.6882516613715,5.060115886045389,0.0,True,2.5300579430226944,0.0,0.0,7-21-22-7-11-7-23-30-7,randomByDay,
175,ClusterPerDay,7,163.51700954486938,61377999@N03,5,621.6882516613715,5.060115886045389,0.05662046593925084,True,2.5583681759923196,0.02831023296962542,0.0,7-21-22-7-11-7-23-30-7,randomByDay,
176,ClusterPerDay,7,163.51700954486938,48085290@N00,5,624.435606389711,4.926846933848382,1.5238708399366083,True,3.2253588868924954,1.0,0.0457606973058637,7-21-22-7-11-7-23-6-7,randomByDay,
177,ClusterPerDay,7,163.51700954486938,51260381@N05,5,624.435606389711,4.926846933848382,5.0,True,4.963423466924191,1.0,0.0,7-21-22-7-11-7-6-23-7,randomByDay,
178,ClusterPerDay,7,163.51700954486938,25970113@N08,5,624.435606389711,4.926846933848382,5.0,True,4.963423466924191,1.0,0.0,7-21-22-7-11-7-6-23-7,randomByDay,
179,ClusterPerDay,7,163.51700954486938,37449305@N07,5,624.435606389711,4.926846933848382,0.405701754385965,True,2.6662743441171735,0.081140350877193,0.0,7-21-22-7-11-7-23-6-7,randomByDay,
180,ClusterPerDay,7,163.51700954486938,63483222@N03,5,621.6882516613715,5.060115886045389,0.0,True,2.5300579430226944,0.0,0.0,7-21-22-7-11-7-30-23-7,randomByDay,
181,ClusterPerDay,7,163.51700954486938,93507286@N00,5,624.435606389711,4.926846933848382,5.0,True,4.963423466924191,1.0,0.0,7-21-22-7-11-7-6-23-7,randomByDay,
182,ClusterPerDay,7,163.51700954486938,22979982@N06,5,621.6882516613715,5.060115886045389,1.0,True,3.0300579430226944,1.0,0.0,7-21-22-7-11-7-30-23-7,randomByDay,
183,ClusterPerDay,7,163.51700954486938,44124367522@N01,5,624.435606389711,4.926846933848382,0.6450412216926988,True,2.7859440777705404,0.6324486033325221,0.0014262357811249864,7-21-22-7-11-7-6-23-7,randomByDay,
184,ClusterPerDay,7,163.51700954486938,37282294@N06,5,624.435606389711,4.926846933848382,6.849376658136315,True,5.888111795992348,1.0,0.5328457727795656,7-21-22-7-11-7-6-23-7,randomByDay,
185,ClusterPerDay,7,163.51700954486938,35034363039@N01,5,624.435606389711,4.926846933848382,5.706170975655783,True,5.3165089547520825,1.0,0.03006856639617532,7-21-22-7-11-7-6-23-7,randomByDay,
186,ClusterPerDay,7,163.51700954486938,15273063@N00,5,624.435606389711,4.926846933848382,0.0,True,2.463423466924191,0.0,0.0,7-21-22-7-11-7-6-23-7,randomByDay,
187,ClusterPerDay,7,163.51700954486938,10517457@N04,5,624.435606389711,4.926846933848382,5.0,True,4.963423466924191,1.0,0.0,7-21-22-7-11-7-6-23-7,randomByDay,
188,ClusterPerDay,7,163.51700954486938,30855862@N07,5,624.435606389711,4.926846933848382,5.0,True,4.963423466924191,1.0,0.0,7-21-22-7-11-7-6-23-7,randomByDay,
189,ClusterPerDay,7,163.51700954486938,93852598@N00,5,624.435606389711,4.926846933848382,0.0,True,2.463423466924191,0.0,0.0,7-21-22-7-11-7-23-6-7,randomByDay,
190,ClusterPerDay,7,163.51700954486938,78266179@N00,5,621.6882516613715,5.060115886045389,0.0,True,2.5300579430226944,0.0,0.0,7-21-22-7-11-7-30-23-7,randomByDay,
191,ClusterPerDay,7,163.51700954486938,77356400@N00,5,624.435606389711,4.926846933848382,4.816354816354818,True,4.8716008751016,0.9632709632709636,0.0,7-21-22-7-11-7-6-23-7,randomByDay,
192,ClusterPerDay,7,163.51700954486938,11531843@N07,5,621.6882516613715,5.060115886045389,2.0,True,3.5300579430226944,1.0,0.0,7-21-22-7-11-7-30-23-7,randomByDay,
193,ClusterPerDay,7,163.51700954486938,75396048@N00,5,624.435606389711,4.926846933848382,1.0763636363636364,True,3.001605285106009,1.0,0.0,7-21-22-7-11-7-6-23-7,randomByDay,
194,ClusterPerDay,7,163.51700954486938,29619840@N00,5,624.435606389711,4.926846933848382,5.0,True,4.963423466924191,1.0,0.0,7-21-22-7-11-7-6-23-7,randomByDay,
195,ClusterPerDay,7,163.51700954486938,53874606@N00,5,621.6882516613715,5.060115886045389,0.8959537572254321,True,2.9780348216354104,0.22398843930635803,0.0,7-21-22-7-11-7-23-30-7,randomByDay,
196,ClusterPerDay,7,163.51700954486938,33906853@N00,5,624.435606389711,4.926846933848382,5.112492419648271,True,5.019669676748327,1.0,0.0,7-21-22-7-11-7-6-23-7,randomByDay,
197,ClusterPerDay,7,163.51700954486938,92354342@N00,5,624.435606389711,4.926846933848382,0.0,True,2.463423466924191,0.0,0.0,7-21-22-7-11-7-6-23-7,randomByDay,
198,ClusterPerDay,7,163.51700954486938,37504944@N06,5,624.435606389711,4.926846933848382,5.0,True,4.963423466924191,1.0,0.0,7-21-22-7-11-7-6-23-7,randomByDay,
199,ClusterPerDay,7,163.51700954486938,12659736@N02,5,624.435606389711,4.926846933848382,2.0,True,3.463423466924191,1.0,0.0,7-21-22-7-11-7-23-6-7,randomByDay,
200,clusterOnceKmeans,7,163.51700954486938,7733020@N03,7,615.1257546776449,4.701352003862867,2.000381315538608,True,3.3508666597007375,1.0,0.0,7-21-22-7-1-7-23-3-7,kMeans,1.0
201,clusterOnceKmeans,7,163.51700954486938,34359854@N00,7,615.1257546776449,4.701352003862867,2.0,True,3.3506760019314337,1.0,0.0,7-21-22-7-1-7-23-3-7,kMeans,1.0
202,clusterOnceKmeans,7,163.51700954486938,33246890@N00,7,615.1257546776449,4.701352003862867,2.0,True,3.3506760019314337,1.0,0.0,7-21-22-7-1-7-23-3-7,kMeans,1.0
203,clusterOnceKmeans,7,163.51700954486938,56946277@N00,7,615.1257546776449,4.701352003862867,2.0,True,3.3506760019314337,1.0,0.0,7-21-22-7-1-7-23-3-7,kMeans,1.0
204,clusterOnceKmeans,7,163.51700954486938,31671926@N00,7,615.1257546776449,4.701352003862867,2.0,True,3.3506760019314337,1.0,0.0,7-21-22-7-1-7-23-3-7,kMeans,1.0
205,clusterOnceKmeans,7,163.51700954486938,33228691@N00,7,615.1257546776449,4.701352003862867,2.0,True,3.3506760019314337,1.0,0.0,7-21-22-7-1-7-23-3-7,kMeans,1.0
206,clusterOnceKmeans,7,163.51700954486938,98715075@N00,7,615.1257546776449,4.701352003862867,2.0008021390374333,True,3.3510770714501503,1.0,0.0,7-21-22-7-1-7-23-3-7,kMeans,1.0
207,clusterOnceKmeans,7,163.51700954486938,66907518@N00,7,615.1257546776449,4.701352003862867,2.0,True,3.3506760019314337,1.0,0.0,7-21-22-7-1-7-23-3-7,kMeans,1.0
208,clusterOnceKmeans,7,163.51700954486938,15588970@N02,7,615.1257546776449,4.701352003862867,2.0,True,3.3506760019314337,1.0,0.0,7-21-22-7-1-7-23-3-7,kMeans,1.0
209,clusterOnceKmeans,7,163.51700954486938,23987663@N00,7,615.1257546776449,4.701352003862867,2.9605221267112363,True,3.830937065287052,1.0,0.05555555555555548,7-21-22-7-1-7-23-3-7,kMeans,1.0
210,clusterOnceKmeans,7,163.51700954486938,74547255@N00,7,615.1257546776449,4.701352003862867,2.061106998930833,True,3.38122950139685,1.0,0.0,7-21-22-7-1-7-23-3-7,kMeans,1.0
211,clusterOnceKmeans,7,163.51700954486938,82405581@N00,7,615.1257546776449,4.701352003862867,2.105341340075853,True,3.40334667196936,1.0,0.0,7-21-22-7-1-7-23-3-7,kMeans,1.0
212,clusterOnceKmeans,7,163.51700954486938,77356400@N00,7,615.1257546776449,4.701352003862867,4.889812889812891,True,4.795582446837879,1.0,0.0,7-21-22-7-1-7-23-3-7,kMeans,1.0
213,clusterOnceKmeans,7,163.51700954486938,35764233@N00,7,615.1257546776449,4.701352003862867,2.9270133077239655,True,3.8141826557934166,1.0,0.006310879407326113,7-21-22-7-1-7-23-3-7,kMeans,1.0
214,clusterOnceKmeans,7,163.51700954486938,30460784@N04,7,597.678807828368,4.833655239014968,2.0,True,3.416827619507484,1.0,0.0,7-21-22-7-30-28-7-11-7,kMeans,2.0
215,clusterOnceKmeans,7,163.51700954486938,69874063@N00,7,597.678807828368,4.833655239014968,2.0,True,3.416827619507484,1.0,0.0,7-21-22-7-30-28-7-11-7,kMeans,2.0
216,clusterOnceKmeans,7,163.51700954486938,50034279@N00,7,597.678807828368,4.833655239014968,2.2874879293695685,True,3.5605715841922683,1.0,0.0,7-21-22-7-30-28-7-11-7,kMeans,2.0
217,clusterOnceKmeans,7,163.51700954486938,12659736@N02,7,597.678807828368,4.833655239014968,2.0,True,3.416827619507484,1.0,0.0,7-21-22-7-30-28-7-11-7,kMeans,2.0
218,clusterOnceKmeans,7,163.51700954486938,11531843@N07,7,597.678807828368,4.833655239014968,2.0,True,3.416827619507484,1.0,0.0,7-21-22-7-30-28-7-11-7,kMeans,2.0
219,clusterOnceKmeans,7,163.51700954486938,8070489@N02,7,597.678807828368,4.833655239014968,2.0,True,3.416827619507484,1.0,0.0,7-21-22-7-30-28-7-11-7,kMeans,2.0
220,clusterOnceKmeans,7,163.51700954486938,8389569@N08,7,597.678807828368,4.833655239014968,2.0,True,3.416827619507484,1.0,0.0,7-21-22-7-30-28-7-11-7,kMeans,2.0
221,clusterOnceKmeans,7,163.51700954486938,15273063@N00,7,597.678807828368,4.833655239014968,2.0,True,3.416827619507484,1.0,0.0,7-21-22-7-30-28-7-11-7,kMeans,2.0
222,clusterOnceKmeans,7,163.51700954486938,44124367522@N01,7,597.678807828368,4.833655239014968,2.0106445890005915,True,3.42214991400778,1.0,0.0014262357811249864,7-21-22-7-30-28-7-11-7,kMeans,2.0
223,clusterOnceKmeans,7,163.51700954486938,34608255@N08,7,597.678807828368,4.833655239014968,4.70643056849954,True,4.770042903757254,1.0,0.29869524697111016,7-21-22-7-30-28-7-11-7,kMeans,2.0
224,clusterOnceKmeans,7,163.51700954486938,37449305@N07,7,597.678807828368,4.833655239014968,2.3245614035087723,True,3.57910832126187,1.0,0.0,7-21-22-7-30-28-7-11-7,kMeans,2.0
225,clusterOnceKmeans,7,163.51700954486938,76323119@N00,7,597.678807828368,4.833655239014968,2.006113537117903,True,3.4198843880664356,1.0,0.0,7-21-22-7-30-28-7-11-7,kMeans,2.0
226,clusterOnceKmeans,7,163.51700954486938,93741870@N00,7,597.678807828368,4.833655239014968,2.0,True,3.416827619507484,1.0,0.0,7-21-22-7-30-28-7-11-7,kMeans,2.0
227,clusterOnceKmeans,7,163.51700954486938,37282294@N06,7,597.678807828368,4.833655239014968,5.331251614114995,True,5.082453426564982,1.0,0.007360364379123333,7-21-22-7-30-28-7-11-7,kMeans,2.0
228,clusterOnceKmeans,7,163.51700954486938,22292214@N00,7,597.678807828368,4.833655239014968,2.489361702127661,True,3.661508470571315,1.0,0.0,7-21-22-7-30-28-7-11-7,kMeans,2.0
229,clusterOnceKmeans,7,163.51700954486938,64085688@N00,7,597.678807828368,4.833655239014968,2.0,True,3.416827619507484,1.0,0.0,7-21-22-7-30-28-7-11-7,kMeans,2.0
230,clusterOnceKmeans,7,163.51700954486938,78433558@N00,7,597.678807828368,4.833655239014968,2.0,True,3.416827619507484,1.0,0.0,7-21-22-7-30-28-7-11-7,kMeans,2.0
231,clusterOnceKmeans,7,163.51700954486938,35034347371@N01,7,597.678807828368,4.833655239014968,5.904011461318051,True,5.3688333501665095,1.0,0.1421919770773637,7-21-22-7-30-28-7-11-7,kMeans,2.0
232,clusterOnceKmeans,7,163.51700954486938,12925338@N07,7,597.678807828368,4.833655239014968,2.0,True,3.416827619507484,1.0,0.0,7-21-22-7-30-28-7-11-7,kMeans,2.0
233,clusterOnceKmeans,7,163.51700954486938,21470941@N07,7,597.678807828368,4.833655239014968,2.0,True,3.416827619507484,1.0,0.0,7-21-22-7-30-28-7-11-7,kMeans,2.0
234,clusterOnceKmeans,7,163.51700954486938,28721558@N07,7,597.678807828368,4.833655239014968,1.6989827693585229,True,3.2663190041867454,0.8494913846792614,0.0,7-21-22-7-30-28-7-11-7,kMeans,2.0
235,clusterOnceKmeans,7,163.51700954486938,94064020@N00,7,597.678807828368,4.833655239014968,3.3072741392699916,True,4.070464689142479,0.8594356717577002,0.006989386487186121,7-21-22-7-30-28-7-11-7,kMeans,2.0
236,clusterOnceKmeans,7,163.51700954486938,77112637@N00,7,597.678807828368,4.833655239014968,2.049338416685355,True,3.4414968278501616,1.0,0.0,7-21-22-7-30-28-7-11-7,kMeans,2.0
237,clusterOnceKmeans,7,163.51700954486938,52835300@N00,7,618.4919181811015,4.926846933848383,5.0,True,4.9634234669241915,1.0,0.0,7-22-6-7-11-7-21-23-7,kMeans,3.0
238,clusterOnceKmeans,7,163.51700954486938,38102495@N00,7,618.4919181811015,4.926846933848383,5.0,True,4.9634234669241915,1.0,0.0,7-22-6-7-11-7-21-23-7,kMeans,3.0
239,clusterOnceKmeans,7,163.51700954486938,33906853@N00,7,618.4919181811015,4.926846933848383,5.112492419648271,True,5.019669676748327,1.0,0.0,7-22-6-7-11-7-21-23-7,kMeans,3.0
240,clusterOnceKmeans,7,163.51700954486938,51260381@N05,7,618.4919181811015,4.926846933848383,5.0,True,4.9634234669241915,1.0,0.0,7-22-6-7-11-7-21-23-7,kMeans,3.0
241,clusterOnceKmeans,7,163.51700954486938,93507286@N00,7,618.4919181811015,4.926846933848383,5.0,True,4.9634234669241915,1.0,0.0,7-22-6-7-11-7-21-23-7,kMeans,3.0
242,clusterOnceKmeans,7,163.51700954486938,10517457@N04,7,618.4919181811015,4.926846933848383,5.0,True,4.9634234669241915,1.0,0.0,7-22-6-7-11-7-21-23-7,kMeans,3.0
243,clusterOnceKmeans,7,163.51700954486938,81076746@N00,7,618.4919181811015,4.926846933848383,5.0,True,4.9634234669241915,1.0,0.0,7-22-6-7-11-7-21-23-7,kMeans,3.0
244,clusterOnceKmeans,7,163.51700954486938,25964835@N02,7,618.4919181811015,4.926846933848383,5.0,True,4.9634234669241915,1.0,0.0,7-22-6-7-11-7-21-23-7,kMeans,3.0
245,clusterOnceKmeans,7,163.51700954486938,70307237@N00,7,618.4919181811015,4.926846933848383,5.0,True,4.9634234669241915,1.0,0.0,7-22-6-7-11-7-21-23-7,kMeans,3.0
246,clusterOnceKmeans,7,163.51700954486938,99906907@N00,7,618.4919181811015,4.926846933848383,5.283771904680006,True,5.105309419264195,1.0,0.0,7-22-6-7-11-7-21-23-7,kMeans,3.0
247,clusterOnceKmeans,7,163.51700954486938,26736723@N00,7,618.4919181811015,4.926846933848383,5.0,True,4.9634234669241915,1.0,0.0,7-22-6-7-11-7-21-23-7,kMeans,3.0
248,clusterOnceKmeans,7,163.51700954486938,31499593@N03,7,618.4919181811015,4.926846933848383,5.001782638545945,True,4.964314786197164,1.0,0.0001204485504016962,7-22-6-7-11-7-21-23-7,kMeans,3.0
249,clusterOnceKmeans,7,163.51700954486938,73416633@N00,7,618.4919181811015,4.926846933848383,5.0,True,4.9634234669241915,1.0,0.0,7-22-6-7-11-7-21-23-7,kMeans,3.0
250,clusterOnceKmeans,7,163.51700954486938,10297518@N00,7,618.4919181811015,4.926846933848383,5.0,True,4.9634234669241915,1.0,0.0,7-22-6-7-11-7-21-23-7,kMeans,3.0
251,clusterOnceKmeans,7,163.51700954486938,87085448@N00,7,618.4919181811015,4.926846933848383,5.0,True,4.9634234669241915,1.0,0.0,7-22-6-7-11-7-21-23-7,kMeans,3.0
252,clusterOnceKmeans,7,163.51700954486938,37504944@N06,7,618.4919181811015,4.926846933848383,5.0,True,4.9634234669241915,1.0,0.0,7-22-6-7-11-7-21-23-7,kMeans,3.0
253,clusterOnceKmeans,7,163.51700954486938,53025862@N00,7,618.4919181811015,4.926846933848383,5.0,True,4.9634234669241915,1.0,0.0,7-22-6-7-11-7-21-23-7,kMeans,3.0
254,clusterOnceKmeans,7,163.51700954486938,52215743@N00,7,618.4919181811015,4.926846933848383,5.0,True,4.9634234669241915,1.0,0.0,7-22-6-7-11-7-21-23-7,kMeans,3.0
255,clusterOnceKmeans,7,163.51700954486938,14351900@N00,7,618.4919181811015,4.926846933848383,5.058202567760342,True,4.992524750804362,1.0,0.0,7-22-6-7-11-7-21-23-7,kMeans,3.0
256,clusterOnceKmeans,7,163.51700954486938,64005175@N00,7,618.4919181811015,4.926846933848383,5.053118264617952,True,4.9899825992331674,1.0,0.0,7-22-6-7-11-7-21-23-7,kMeans,3.0
257,clusterOnceKmeans,7,163.51700954486938,40689227@N00,7,618.4919181811015,4.926846933848383,5.0,True,4.9634234669241915,1.0,0.0,7-22-6-7-11-7-21-23-7,kMeans,3.0
258,clusterOnceKmeans,7,163.51700954486938,22057420@N00,7,618.4919181811015,4.926846933848383,5.0,True,4.9634234669241915,1.0,0.0,7-22-6-7-11-7-21-23-7,kMeans,3.0
259,clusterOnceKmeans,7,163.51700954486938,30855862@N07,7,618.4919181811015,4.926846933848383,5.0,True,4.9634234669241915,1.0,0.0,7-22-6-7-11-7-21-23-7,kMeans,3.0
260,clusterOnceKmeans,7,163.51700954486938,35034363039@N01,7,618.4919181811015,4.926846933848383,5.706170975655783,True,5.3165089547520825,1.0,0.03006856639617532,7-22-6-7-11-7-21-23-7,kMeans,3.0
261,clusterOnceKmeans,7,163.51700954486938,25970113@N08,7,618.4919181811015,4.926846933848383,5.0,True,4.9634234669241915,1.0,0.0,7-22-6-7-11-7-21-23-7,kMeans,3.0
262,clusterOnceKmeans,7,163.51700954486938,93852598@N00,6,567.0588764711039,4.12819893771125,2.0,True,3.064099468855625,1.0,0.0,7-21-22-7-16-7-14-7,kMeans,4.0
263,clusterOnceKmeans,7,163.51700954486938,63483222@N03,6,567.0588764711039,4.12819893771125,2.0,True,3.064099468855625,1.0,0.0,7-21-22-7-16-7-14-7,kMeans,4.0
264,clusterOnceKmeans,7,163.51700954486938,41634302@N08,6,567.0588764711039,4.12819893771125,2.0,True,3.064099468855625,1.0,0.0,7-21-22-7-16-7-14-7,kMeans,4.0
265,clusterOnceKmeans,7,163.51700954486938,78266179@N00,6,567.0588764711039,4.12819893771125,2.0,True,3.064099468855625,1.0,0.0,7-21-22-7-16-7-14-7,kMeans,4.0
266,clusterOnceKmeans,7,163.51700954486938,61377999@N03,6,567.0588764711039,4.12819893771125,2.056620465939251,True,3.0924097018252503,1.0,0.0,7-21-22-7-16-7-14-7,kMeans,4.0
267,clusterOnceKmeans,7,163.51700954486938,51668926@N00,6,567.0588764711039,4.12819893771125,4.9718909710391825,True,4.550044954375217,1.0,0.0,7-21-22-7-16-7-14-7,kMeans,4.0
268,clusterOnceKmeans,7,163.51700954486938,53874606@N00,6,567.0588764711039,4.12819893771125,2.6719653179190743,True,3.4000821278151623,1.0,0.0,7-21-22-7-16-7-14-7,kMeans,4.0
269,clusterOnceKmeans,7,163.51700954486938,92354342@N00,6,567.0588764711039,4.12819893771125,2.0,True,3.064099468855625,1.0,0.0,7-21-22-7-16-7-14-7,kMeans,4.0
270,clusterOnceKmeans,7,163.51700954486938,37649829@N03,6,567.0588764711039,4.12819893771125,2.0,True,3.064099468855625,1.0,0.0,7-21-22-7-16-7-14-7,kMeans,4.0
271,clusterOnceKmeans,7,163.51700954486938,51465598@N02,6,567.0588764711039,4.12819893771125,2.0,True,3.064099468855625,1.0,0.0,7-21-22-7-16-7-14-7,kMeans,4.0
272,clusterOnceKmeans,7,163.51700954486938,22168167@N00,6,567.0588764711039,4.12819893771125,2.0,True,3.064099468855625,1.0,0.0,7-21-22-7-16-7-14-7,kMeans,4.0
273,clusterOnceKmeans,7,163.51700954486938,25561968@N00,6,567.0588764711039,4.12819893771125,2.0,True,3.064099468855625,1.0,0.0,7-21-22-7-16-7-14-7,kMeans,4.0
274,clusterOnceKmeans,7,163.51700954486938,34427466731@N01,6,567.0588764711039,4.12819893771125,2.4514400535833896,True,3.28981949564732,1.0,0.0,7-21-22-7-16-7-14-7,kMeans,4.0
275,clusterOnceKmeans,7,163.51700954486938,23877016@N03,6,567.0588764711039,4.12819893771125,2.0,True,3.064099468855625,1.0,0.0,7-21-22-7-16-7-14-7,kMeans,4.0
276,clusterOnceKmeans,7,163.51700954486938,21116747@N02,6,567.0588764711039,4.12819893771125,2.0,True,3.064099468855625,1.0,0.0,7-21-22-7-16-7-14-7,kMeans,4.0
277,clusterOnceKmeans,7,163.51700954486938,7159179@N03,6,567.0588764711039,4.12819893771125,2.403777477977939,True,3.2659882078445945,1.0,0.0,7-21-22-7-16-7-14-7,kMeans,4.0
278,clusterOnceKmeans,7,163.51700954486938,29619840@N00,6,567.0588764711039,4.12819893771125,4.722111553784862,True,4.425155245748057,1.0,0.0,7-21-22-7-16-7-14-7,kMeans,4.0
279,clusterOnceKmeans,7,163.51700954486938,14816925@N00,6,567.0588764711039,4.12819893771125,3.177125823658617,True,3.6526623806849337,1.0,0.20285534985880194,7-21-22-7-16-7-14-7,kMeans,4.0
280,clusterOnceKmeans,7,163.51700954486938,84800532@N02,6,567.0588764711039,4.12819893771125,2.7588456712672524,True,3.4435223044892513,1.0,0.0,7-21-22-7-16-7-14-7,kMeans,4.0
281,clusterOnceKmeans,7,163.51700954486938,23072179@N00,8,628.7621414091371,3.9439884113954613,3.0,True,3.4719942056977304,1.0,0.0,7-23-22-7-25-6-7-24-28-7,kMeans,5.0
282,clusterOnceKmeans,7,163.51700954486938,49576181@N00,8,628.7621414091371,3.9439884113954613,3.735604104139038,True,3.83979625776725,1.0,0.0,7-23-22-7-25-6-7-24-28-7,kMeans,5.0
283,clusterOnceKmeans,7,163.51700954486938,14125170@N02,8,628.7621414091371,3.9439884113954613,3.0,True,3.4719942056977304,1.0,0.0,7-23-22-7-25-6-7-24-28-7,kMeans,5.0
284,clusterOnceKmeans,7,163.51700954486938,20342758@N00,8,628.7621414091371,3.9439884113954613,5.571002305710024,True,4.757495358552743,1.0,0.0,7-23-22-7-25-6-7-24-28-7,kMeans,5.0
285,clusterOnceKmeans,7,163.51700954486938,7173709@N07,8,628.7621414091371,3.9439884113954613,3.0,True,3.4719942056977304,1.0,0.0,7-23-22-7-25-6-7-24-28-7,kMeans,5.0
286,clusterOnceKmeans,7,163.51700954486938,75396048@N00,8,628.7621414091371,3.9439884113954613,3.038181818181818,True,3.49108511478864,1.0,0.0,7-23-22-7-25-6-7-24-28-7,kMeans,5.0
287,clusterOnceKmeans,7,163.51700954486938,57958712@N00,8,628.7621414091371,3.9439884113954613,4.00427103774674,True,3.9741297245711005,1.0,0.03618838739466704,7-23-22-7-25-6-7-24-28-7,kMeans,5.0
288,clusterOnceKmeans,7,163.51700954486938,10502709@N05,8,628.7621414091371,3.9439884113954613,6.23932931313428,True,5.091658862264871,1.0,0.0679217531989998,7-23-22-7-25-6-7-24-28-7,kMeans,5.0
289,clusterOnceKmeans,7,163.51700954486938,53346833@N00,8,628.7621414091371,3.9439884113954613,3.2241835834068837,True,3.5840859974011723,1.0,0.0,7-23-22-7-25-6-7-24-28-7,kMeans,5.0
290,clusterOnceKmeans,7,163.51700954486938,89461633@N00,8,628.7621414091371,3.9439884113954613,3.0,True,3.4719942056977304,1.0,0.0,7-23-22-7-25-6-7-24-28-7,kMeans,5.0
291,clusterOnceKmeans,7,163.51700954486938,86485258@N07,8,628.7621414091371,3.9439884113954613,3.0,True,3.4719942056977304,1.0,0.0,7-23-22-7-25-6-7-24-28-7,kMeans,5.0
292,clusterOnceKmeans,7,163.51700954486938,70597029@N00,8,628.7621414091371,3.9439884113954613,3.0,True,3.4719942056977304,1.0,0.0,7-23-22-7-25-6-7-24-28-7,kMeans,5.0
293,clusterOnceKmeans,7,163.51700954486938,32876255@N06,8,628.7621414091371,3.9439884113954613,3.1237451199107635,True,3.533866765653112,1.0,0.0,7-23-22-7-25-6-7-24-28-7,kMeans,5.0
294,clusterOnceKmeans,7,163.51700954486938,49689051@N00,8,628.7621414091371,3.9439884113954613,3.0,True,3.4719942056977304,1.0,0.0,7-23-22-7-25-6-7-24-28-7,kMeans,5.0
295,clusterOnceKmeans,7,163.51700954486938,12874594@N08,8,628.7621414091371,3.9439884113954613,6.908682116914558,True,5.42633526415501,1.0,0.0,7-23-22-7-25-6-7-24-28-7,kMeans,5.0
296,clusterOnceKmeans,7,163.51700954486938,49033510@N00,8,628.7621414091371,3.9439884113954613,3.0,True,3.4719942056977304,1.0,0.0,7-23-22-7-25-6-7-24-28-7,kMeans,5.0
297,clusterOnceKmeans,7,163.51700954486938,22979982@N06,8,628.7621414091371,3.9439884113954613,3.0,True,3.4719942056977304,1.0,0.0,7-23-22-7-25-6-7-24-28-7,kMeans,5.0
298,clusterOnceKmeans,7,163.51700954486938,9492113@N02,8,628.7621414091371,3.9439884113954613,3.029324522209289,True,3.4866564668023754,1.0,0.0,7-23-22-7-25-6-7-24-28-7,kMeans,5.0
299,clusterOnceKmeans,7,163.51700954486938,48085290@N00,8,628.7621414091371,3.9439884113954613,3.3981774960380338,True,3.6710829537167475,1.0,0.006537242472266233,7-23-22-7-25-6-7-24-28-7,kMeans,5.0
